{
 "actions": [],
 "allow_rename": 1,
 "creation": "2025-01-09 11:08:05.257236",
 "doctype": "DocType",
 "editable_grid": 1,
 "engine": "InnoDB",
 "field_order": [
  "procedimiento"
 ],
 "fields": [
  {
   "fieldname": "procedimiento",
   "fieldtype": "Link",
   "in_list_view": 1,
   "label": "Procedimiento",
   "options": "Procedimiento WPS"
  }
 ],
 "index_web_pages_for_search": 1,
 "istable": 1,
 "links": [],
 "modified": "2025-01-13 10:29:21.517153",
 "modified_by": "Administrator",
 "module": "Frappe Welding",
 "name": "Procedimientos WPS Homologacion",
 "owner": "Administrator",
 "permissions": [],
 "sort_field": "modified",
 "sort_order": "DESC",
 "states": []
}